--
-- PostgreSQL database dump
--

-- Dumped from database version 15.3
-- Dumped by pg_dump version 15.3

-- Started on 2023-08-02 11:00:06

SET statement_timeout = 0;
SET lock_timeout = 0;
SET idle_in_transaction_session_timeout = 0;
SET client_encoding = 'UTF8';
SET standard_conforming_strings = on;
SELECT pg_catalog.set_config('search_path', '', false);
SET check_function_bodies = false;
SET xmloption = content;
SET client_min_messages = warning;
SET row_security = off;

SET default_tablespace = '';

SET default_table_access_method = heap;

--
-- TOC entry 221 (class 1259 OID 16808)
-- Name: auth_group; Type: TABLE; Schema: public; Owner: postgres
--

CREATE TABLE public.auth_group (
    id integer NOT NULL,
    name character varying(150) NOT NULL
);


ALTER TABLE public.auth_group OWNER TO postgres;

--
-- TOC entry 220 (class 1259 OID 16807)
-- Name: auth_group_id_seq; Type: SEQUENCE; Schema: public; Owner: postgres
--

ALTER TABLE public.auth_group ALTER COLUMN id ADD GENERATED BY DEFAULT AS IDENTITY (
    SEQUENCE NAME public.auth_group_id_seq
    START WITH 1
    INCREMENT BY 1
    NO MINVALUE
    NO MAXVALUE
    CACHE 1
);


--
-- TOC entry 223 (class 1259 OID 16816)
-- Name: auth_group_permissions; Type: TABLE; Schema: public; Owner: postgres
--

CREATE TABLE public.auth_group_permissions (
    id bigint NOT NULL,
    group_id integer NOT NULL,
    permission_id integer NOT NULL
);


ALTER TABLE public.auth_group_permissions OWNER TO postgres;

--
-- TOC entry 222 (class 1259 OID 16815)
-- Name: auth_group_permissions_id_seq; Type: SEQUENCE; Schema: public; Owner: postgres
--

ALTER TABLE public.auth_group_permissions ALTER COLUMN id ADD GENERATED BY DEFAULT AS IDENTITY (
    SEQUENCE NAME public.auth_group_permissions_id_seq
    START WITH 1
    INCREMENT BY 1
    NO MINVALUE
    NO MAXVALUE
    CACHE 1
);


--
-- TOC entry 219 (class 1259 OID 16802)
-- Name: auth_permission; Type: TABLE; Schema: public; Owner: postgres
--

CREATE TABLE public.auth_permission (
    id integer NOT NULL,
    name character varying(255) NOT NULL,
    content_type_id integer NOT NULL,
    codename character varying(100) NOT NULL
);


ALTER TABLE public.auth_permission OWNER TO postgres;

--
-- TOC entry 218 (class 1259 OID 16801)
-- Name: auth_permission_id_seq; Type: SEQUENCE; Schema: public; Owner: postgres
--

ALTER TABLE public.auth_permission ALTER COLUMN id ADD GENERATED BY DEFAULT AS IDENTITY (
    SEQUENCE NAME public.auth_permission_id_seq
    START WITH 1
    INCREMENT BY 1
    NO MINVALUE
    NO MAXVALUE
    CACHE 1
);


--
-- TOC entry 225 (class 1259 OID 16822)
-- Name: auth_user; Type: TABLE; Schema: public; Owner: postgres
--

CREATE TABLE public.auth_user (
    id integer NOT NULL,
    password character varying(128) NOT NULL,
    last_login timestamp with time zone,
    is_superuser boolean NOT NULL,
    username character varying(150) NOT NULL,
    first_name character varying(150) NOT NULL,
    last_name character varying(150) NOT NULL,
    email character varying(254) NOT NULL,
    is_staff boolean NOT NULL,
    is_active boolean NOT NULL,
    date_joined timestamp with time zone NOT NULL
);


ALTER TABLE public.auth_user OWNER TO postgres;

--
-- TOC entry 227 (class 1259 OID 16830)
-- Name: auth_user_groups; Type: TABLE; Schema: public; Owner: postgres
--

CREATE TABLE public.auth_user_groups (
    id bigint NOT NULL,
    user_id integer NOT NULL,
    group_id integer NOT NULL
);


ALTER TABLE public.auth_user_groups OWNER TO postgres;

--
-- TOC entry 226 (class 1259 OID 16829)
-- Name: auth_user_groups_id_seq; Type: SEQUENCE; Schema: public; Owner: postgres
--

ALTER TABLE public.auth_user_groups ALTER COLUMN id ADD GENERATED BY DEFAULT AS IDENTITY (
    SEQUENCE NAME public.auth_user_groups_id_seq
    START WITH 1
    INCREMENT BY 1
    NO MINVALUE
    NO MAXVALUE
    CACHE 1
);


--
-- TOC entry 224 (class 1259 OID 16821)
-- Name: auth_user_id_seq; Type: SEQUENCE; Schema: public; Owner: postgres
--

ALTER TABLE public.auth_user ALTER COLUMN id ADD GENERATED BY DEFAULT AS IDENTITY (
    SEQUENCE NAME public.auth_user_id_seq
    START WITH 1
    INCREMENT BY 1
    NO MINVALUE
    NO MAXVALUE
    CACHE 1
);


--
-- TOC entry 229 (class 1259 OID 16836)
-- Name: auth_user_user_permissions; Type: TABLE; Schema: public; Owner: postgres
--

CREATE TABLE public.auth_user_user_permissions (
    id bigint NOT NULL,
    user_id integer NOT NULL,
    permission_id integer NOT NULL
);


ALTER TABLE public.auth_user_user_permissions OWNER TO postgres;

--
-- TOC entry 228 (class 1259 OID 16835)
-- Name: auth_user_user_permissions_id_seq; Type: SEQUENCE; Schema: public; Owner: postgres
--

ALTER TABLE public.auth_user_user_permissions ALTER COLUMN id ADD GENERATED BY DEFAULT AS IDENTITY (
    SEQUENCE NAME public.auth_user_user_permissions_id_seq
    START WITH 1
    INCREMENT BY 1
    NO MINVALUE
    NO MAXVALUE
    CACHE 1
);


--
-- TOC entry 231 (class 1259 OID 16894)
-- Name: django_admin_log; Type: TABLE; Schema: public; Owner: postgres
--

CREATE TABLE public.django_admin_log (
    id integer NOT NULL,
    action_time timestamp with time zone NOT NULL,
    object_id text,
    object_repr character varying(200) NOT NULL,
    action_flag smallint NOT NULL,
    change_message text NOT NULL,
    content_type_id integer,
    user_id integer NOT NULL,
    CONSTRAINT django_admin_log_action_flag_check CHECK ((action_flag >= 0))
);


ALTER TABLE public.django_admin_log OWNER TO postgres;

--
-- TOC entry 230 (class 1259 OID 16893)
-- Name: django_admin_log_id_seq; Type: SEQUENCE; Schema: public; Owner: postgres
--

ALTER TABLE public.django_admin_log ALTER COLUMN id ADD GENERATED BY DEFAULT AS IDENTITY (
    SEQUENCE NAME public.django_admin_log_id_seq
    START WITH 1
    INCREMENT BY 1
    NO MINVALUE
    NO MAXVALUE
    CACHE 1
);


--
-- TOC entry 232 (class 1259 OID 16923)
-- Name: django_apscheduler_djangojob; Type: TABLE; Schema: public; Owner: postgres
--

CREATE TABLE public.django_apscheduler_djangojob (
    id character varying(255) NOT NULL,
    next_run_time timestamp with time zone,
    job_state bytea NOT NULL
);


ALTER TABLE public.django_apscheduler_djangojob OWNER TO postgres;

--
-- TOC entry 234 (class 1259 OID 16933)
-- Name: django_apscheduler_djangojobexecution; Type: TABLE; Schema: public; Owner: postgres
--

CREATE TABLE public.django_apscheduler_djangojobexecution (
    id bigint NOT NULL,
    status character varying(50) NOT NULL,
    run_time timestamp with time zone NOT NULL,
    duration numeric(15,2),
    finished numeric(15,2),
    exception character varying(1000),
    traceback text,
    job_id character varying(255) NOT NULL
);


ALTER TABLE public.django_apscheduler_djangojobexecution OWNER TO postgres;

--
-- TOC entry 233 (class 1259 OID 16932)
-- Name: django_apscheduler_djangojobexecution_id_seq; Type: SEQUENCE; Schema: public; Owner: postgres
--

ALTER TABLE public.django_apscheduler_djangojobexecution ALTER COLUMN id ADD GENERATED BY DEFAULT AS IDENTITY (
    SEQUENCE NAME public.django_apscheduler_djangojobexecution_id_seq
    START WITH 1
    INCREMENT BY 1
    NO MINVALUE
    NO MAXVALUE
    CACHE 1
);


--
-- TOC entry 217 (class 1259 OID 16794)
-- Name: django_content_type; Type: TABLE; Schema: public; Owner: postgres
--

CREATE TABLE public.django_content_type (
    id integer NOT NULL,
    app_label character varying(100) NOT NULL,
    model character varying(100) NOT NULL
);


ALTER TABLE public.django_content_type OWNER TO postgres;

--
-- TOC entry 216 (class 1259 OID 16793)
-- Name: django_content_type_id_seq; Type: SEQUENCE; Schema: public; Owner: postgres
--

ALTER TABLE public.django_content_type ALTER COLUMN id ADD GENERATED BY DEFAULT AS IDENTITY (
    SEQUENCE NAME public.django_content_type_id_seq
    START WITH 1
    INCREMENT BY 1
    NO MINVALUE
    NO MAXVALUE
    CACHE 1
);


--
-- TOC entry 215 (class 1259 OID 16786)
-- Name: django_migrations; Type: TABLE; Schema: public; Owner: postgres
--

CREATE TABLE public.django_migrations (
    id bigint NOT NULL,
    app character varying(255) NOT NULL,
    name character varying(255) NOT NULL,
    applied timestamp with time zone NOT NULL
);


ALTER TABLE public.django_migrations OWNER TO postgres;

--
-- TOC entry 214 (class 1259 OID 16785)
-- Name: django_migrations_id_seq; Type: SEQUENCE; Schema: public; Owner: postgres
--

ALTER TABLE public.django_migrations ALTER COLUMN id ADD GENERATED BY DEFAULT AS IDENTITY (
    SEQUENCE NAME public.django_migrations_id_seq
    START WITH 1
    INCREMENT BY 1
    NO MINVALUE
    NO MAXVALUE
    CACHE 1
);


--
-- TOC entry 249 (class 1259 OID 17103)
-- Name: django_session; Type: TABLE; Schema: public; Owner: postgres
--

CREATE TABLE public.django_session (
    session_key character varying(40) NOT NULL,
    session_data text NOT NULL,
    expire_date timestamp with time zone NOT NULL
);


ALTER TABLE public.django_session OWNER TO postgres;

--
-- TOC entry 242 (class 1259 OID 17021)
-- Name: home_activitylog; Type: TABLE; Schema: public; Owner: postgres
--

CREATE TABLE public.home_activitylog (
    id bigint NOT NULL,
    activity character varying(500) NOT NULL,
    activity_date date NOT NULL,
    user_id integer NOT NULL,
    activity_time time without time zone NOT NULL
);


ALTER TABLE public.home_activitylog OWNER TO postgres;

--
-- TOC entry 241 (class 1259 OID 17020)
-- Name: home_activitylog_id_seq; Type: SEQUENCE; Schema: public; Owner: postgres
--

ALTER TABLE public.home_activitylog ALTER COLUMN id ADD GENERATED BY DEFAULT AS IDENTITY (
    SEQUENCE NAME public.home_activitylog_id_seq
    START WITH 1
    INCREMENT BY 1
    NO MINVALUE
    NO MAXVALUE
    CACHE 1
);


--
-- TOC entry 238 (class 1259 OID 17003)
-- Name: home_faq; Type: TABLE; Schema: public; Owner: postgres
--

CREATE TABLE public.home_faq (
    id bigint NOT NULL,
    question text NOT NULL,
    answer text NOT NULL,
    created_at timestamp with time zone NOT NULL,
    updated_at timestamp with time zone NOT NULL
);


ALTER TABLE public.home_faq OWNER TO postgres;

--
-- TOC entry 237 (class 1259 OID 17002)
-- Name: home_faq_id_seq; Type: SEQUENCE; Schema: public; Owner: postgres
--

ALTER TABLE public.home_faq ALTER COLUMN id ADD GENERATED BY DEFAULT AS IDENTITY (
    SEQUENCE NAME public.home_faq_id_seq
    START WITH 1
    INCREMENT BY 1
    NO MINVALUE
    NO MAXVALUE
    CACHE 1
);


--
-- TOC entry 240 (class 1259 OID 17013)
-- Name: home_feedback; Type: TABLE; Schema: public; Owner: postgres
--

CREATE TABLE public.home_feedback (
    id bigint NOT NULL,
    user_name character varying(256) NOT NULL,
    user_email character varying(300) NOT NULL,
    subject character varying(500) NOT NULL,
    message text NOT NULL,
    message_date timestamp with time zone NOT NULL
);


ALTER TABLE public.home_feedback OWNER TO postgres;

--
-- TOC entry 239 (class 1259 OID 17012)
-- Name: home_feedback_id_seq; Type: SEQUENCE; Schema: public; Owner: postgres
--

ALTER TABLE public.home_feedback ALTER COLUMN id ADD GENERATED BY DEFAULT AS IDENTITY (
    SEQUENCE NAME public.home_feedback_id_seq
    START WITH 1
    INCREMENT BY 1
    NO MINVALUE
    NO MAXVALUE
    CACHE 1
);


--
-- TOC entry 246 (class 1259 OID 17051)
-- Name: home_news; Type: TABLE; Schema: public; Owner: postgres
--

CREATE TABLE public.home_news (
    id bigint NOT NULL,
    title character varying(500) NOT NULL,
    description text NOT NULL,
    category character varying(256) NOT NULL,
    slug character varying(500) NOT NULL,
    published_date date NOT NULL,
    published_time time without time zone NOT NULL,
    user_id integer NOT NULL,
    news_image character varying(100) NOT NULL
);


ALTER TABLE public.home_news OWNER TO postgres;

--
-- TOC entry 245 (class 1259 OID 17050)
-- Name: home_news_id_seq; Type: SEQUENCE; Schema: public; Owner: postgres
--

ALTER TABLE public.home_news ALTER COLUMN id ADD GENERATED BY DEFAULT AS IDENTITY (
    SEQUENCE NAME public.home_news_id_seq
    START WITH 1
    INCREMENT BY 1
    NO MINVALUE
    NO MAXVALUE
    CACHE 1
);


--
-- TOC entry 248 (class 1259 OID 17089)
-- Name: home_notification; Type: TABLE; Schema: public; Owner: postgres
--

CREATE TABLE public.home_notification (
    id bigint NOT NULL,
    task_title character varying(500) NOT NULL,
    task_description text NOT NULL,
    task_duedate date NOT NULL,
    user_id integer NOT NULL,
    created_at timestamp with time zone NOT NULL
);


ALTER TABLE public.home_notification OWNER TO postgres;

--
-- TOC entry 247 (class 1259 OID 17088)
-- Name: home_notification_id_seq; Type: SEQUENCE; Schema: public; Owner: postgres
--

ALTER TABLE public.home_notification ALTER COLUMN id ADD GENERATED BY DEFAULT AS IDENTITY (
    SEQUENCE NAME public.home_notification_id_seq
    START WITH 1
    INCREMENT BY 1
    NO MINVALUE
    NO MAXVALUE
    CACHE 1
);


--
-- TOC entry 236 (class 1259 OID 16989)
-- Name: home_todo; Type: TABLE; Schema: public; Owner: postgres
--

CREATE TABLE public.home_todo (
    id bigint NOT NULL,
    task_title character varying(500) NOT NULL,
    task_description text NOT NULL,
    task_duedate date NOT NULL,
    task_status character varying(100) NOT NULL,
    task_priority character varying(100) NOT NULL,
    created_date timestamp with time zone NOT NULL,
    updated_date timestamp with time zone NOT NULL,
    user_id integer NOT NULL
);


ALTER TABLE public.home_todo OWNER TO postgres;

--
-- TOC entry 235 (class 1259 OID 16988)
-- Name: home_todo_id_seq; Type: SEQUENCE; Schema: public; Owner: postgres
--

ALTER TABLE public.home_todo ALTER COLUMN id ADD GENERATED BY DEFAULT AS IDENTITY (
    SEQUENCE NAME public.home_todo_id_seq
    START WITH 1
    INCREMENT BY 1
    NO MINVALUE
    NO MAXVALUE
    CACHE 1
);


--
-- TOC entry 244 (class 1259 OID 17043)
-- Name: home_updates; Type: TABLE; Schema: public; Owner: postgres
--

CREATE TABLE public.home_updates (
    id bigint NOT NULL,
    title character varying(500) NOT NULL,
    description text NOT NULL,
    slug character varying(500) NOT NULL,
    published_date date NOT NULL,
    published_time time without time zone NOT NULL,
    user_id integer NOT NULL,
    announcement_image character varying(100) NOT NULL
);


ALTER TABLE public.home_updates OWNER TO postgres;

--
-- TOC entry 243 (class 1259 OID 17042)
-- Name: home_updates_id_seq; Type: SEQUENCE; Schema: public; Owner: postgres
--

ALTER TABLE public.home_updates ALTER COLUMN id ADD GENERATED BY DEFAULT AS IDENTITY (
    SEQUENCE NAME public.home_updates_id_seq
    START WITH 1
    INCREMENT BY 1
    NO MINVALUE
    NO MAXVALUE
    CACHE 1
);


--
-- TOC entry 251 (class 1259 OID 17113)
-- Name: users_userprofile; Type: TABLE; Schema: public; Owner: postgres
--

CREATE TABLE public.users_userprofile (
    id bigint NOT NULL,
    about text,
    company character varying(500),
    job character varying(256),
    country character varying(256),
    address text,
    phone_number character varying(12),
    twitter_profile character varying(500),
    instagram_profile character varying(500),
    linkedin_profile character varying(500),
    user_id integer NOT NULL,
    profile_picture character varying(100),
    facebook_profile character varying(500),
    enable_notification boolean NOT NULL
);


ALTER TABLE public.users_userprofile OWNER TO postgres;

--
-- TOC entry 250 (class 1259 OID 17112)
-- Name: users_userprofile_id_seq; Type: SEQUENCE; Schema: public; Owner: postgres
--

ALTER TABLE public.users_userprofile ALTER COLUMN id ADD GENERATED BY DEFAULT AS IDENTITY (
    SEQUENCE NAME public.users_userprofile_id_seq
    START WITH 1
    INCREMENT BY 1
    NO MINVALUE
    NO MAXVALUE
    CACHE 1
);


--
-- TOC entry 3512 (class 0 OID 16808)
-- Dependencies: 221
-- Data for Name: auth_group; Type: TABLE DATA; Schema: public; Owner: postgres
--

COPY public.auth_group (id, name) FROM stdin;
\.


--
-- TOC entry 3514 (class 0 OID 16816)
-- Dependencies: 223
-- Data for Name: auth_group_permissions; Type: TABLE DATA; Schema: public; Owner: postgres
--

COPY public.auth_group_permissions (id, group_id, permission_id) FROM stdin;
\.


--
-- TOC entry 3510 (class 0 OID 16802)
-- Dependencies: 219
-- Data for Name: auth_permission; Type: TABLE DATA; Schema: public; Owner: postgres
--

COPY public.auth_permission (id, name, content_type_id, codename) FROM stdin;
1	Can add log entry	1	add_logentry
2	Can change log entry	1	change_logentry
3	Can delete log entry	1	delete_logentry
4	Can view log entry	1	view_logentry
5	Can add permission	2	add_permission
6	Can change permission	2	change_permission
7	Can delete permission	2	delete_permission
8	Can view permission	2	view_permission
9	Can add group	3	add_group
10	Can change group	3	change_group
11	Can delete group	3	delete_group
12	Can view group	3	view_group
13	Can add user	4	add_user
14	Can change user	4	change_user
15	Can delete user	4	delete_user
16	Can view user	4	view_user
17	Can add content type	5	add_contenttype
18	Can change content type	5	change_contenttype
19	Can delete content type	5	delete_contenttype
20	Can view content type	5	view_contenttype
21	Can add session	6	add_session
22	Can change session	6	change_session
23	Can delete session	6	delete_session
24	Can view session	6	view_session
25	Can add todo	7	add_todo
26	Can change todo	7	change_todo
27	Can delete todo	7	delete_todo
28	Can view todo	7	view_todo
29	Can add faq	8	add_faq
30	Can change faq	8	change_faq
31	Can delete faq	8	delete_faq
32	Can view faq	8	view_faq
33	Can add feedback	9	add_feedback
34	Can change feedback	9	change_feedback
35	Can delete feedback	9	delete_feedback
36	Can view feedback	9	view_feedback
37	Can add activity log	10	add_activitylog
38	Can change activity log	10	change_activitylog
39	Can delete activity log	10	delete_activitylog
40	Can view activity log	10	view_activitylog
41	Can add updates	11	add_updates
42	Can change updates	11	change_updates
43	Can delete updates	11	delete_updates
44	Can view updates	11	view_updates
45	Can add news	12	add_news
46	Can change news	12	change_news
47	Can delete news	12	delete_news
48	Can view news	12	view_news
49	Can add notification	13	add_notification
50	Can change notification	13	change_notification
51	Can delete notification	13	delete_notification
52	Can view notification	13	view_notification
53	Can add user profile	14	add_userprofile
54	Can change user profile	14	change_userprofile
55	Can delete user profile	14	delete_userprofile
56	Can view user profile	14	view_userprofile
57	Can add django job	15	add_djangojob
58	Can change django job	15	change_djangojob
59	Can delete django job	15	delete_djangojob
60	Can view django job	15	view_djangojob
61	Can add django job execution	16	add_djangojobexecution
62	Can change django job execution	16	change_djangojobexecution
63	Can delete django job execution	16	delete_djangojobexecution
64	Can view django job execution	16	view_djangojobexecution
\.


--
-- TOC entry 3516 (class 0 OID 16822)
-- Dependencies: 225
-- Data for Name: auth_user; Type: TABLE DATA; Schema: public; Owner: postgres
--

COPY public.auth_user (id, password, last_login, is_superuser, username, first_name, last_name, email, is_staff, is_active, date_joined) FROM stdin;
3	pbkdf2_sha256$600000$dBBRwrmZISAwCZJJMFsyBk$i62XbSlAO9gCi0VlRy20PkMKrTxDHpki1bxfGJJqXo4=	2023-07-31 18:04:10.746117+05:30	f	john	John		joshikoithanath40@gmail.com	f	t	2023-07-31 17:37:27.749114+05:30
2	pbkdf2_sha256$600000$AOtUpbqyHaSF0CkttJBYce$S0OjpRhS06DD0lSjbF01pDJsNv9YhkE46zUHkDXGe9M=	2023-08-02 10:03:51.794051+05:30	f	adam	Adam		djangomail89@gmail.com	f	t	2023-07-31 17:36:47.791495+05:30
1	pbkdf2_sha256$600000$2x47rCgRINQIUgCh2RnRYj$GIWpiprAkaXZjsHNC9GBu5Zycr74e7J9/wxPYaCjdsM=	2023-08-02 10:04:21.038475+05:30	t	admin			joshikv3705@gmail.com	t	t	2023-07-31 17:36:17+05:30
\.


--
-- TOC entry 3518 (class 0 OID 16830)
-- Dependencies: 227
-- Data for Name: auth_user_groups; Type: TABLE DATA; Schema: public; Owner: postgres
--

COPY public.auth_user_groups (id, user_id, group_id) FROM stdin;
\.


--
-- TOC entry 3520 (class 0 OID 16836)
-- Dependencies: 229
-- Data for Name: auth_user_user_permissions; Type: TABLE DATA; Schema: public; Owner: postgres
--

COPY public.auth_user_user_permissions (id, user_id, permission_id) FROM stdin;
\.


--
-- TOC entry 3522 (class 0 OID 16894)
-- Dependencies: 231
-- Data for Name: django_admin_log; Type: TABLE DATA; Schema: public; Owner: postgres
--

COPY public.django_admin_log (id, action_time, object_id, object_repr, action_flag, change_message, content_type_id, user_id) FROM stdin;
1	2023-07-31 17:41:30.173153+05:30	1	admin	2	[{"changed": {"fields": ["Email address"]}}]	4	1
2	2023-07-25 17:47:51.456175+05:30	1	How to add a task	1	[{"added": {}}]	8	1
3	2023-07-25 17:48:11.488735+05:30	2	What is the advantages of this application	1	[{"added": {}}]	8	1
4	2023-07-25 17:48:29.518467+05:30	3	Is this application free or paid	1	[{"added": {}}]	8	1
5	2023-07-25 17:48:32.867984+05:30	4	Is this application free or paid	1	[{"added": {}}]	8	1
6	2023-07-25 17:48:51.981632+05:30	4	Is this application free or paid	3		8	1
7	2023-08-01 12:40:09.182681+05:30	22	adam - Logged in	3		10	1
8	2023-08-01 16:52:40.827174+05:30	1	admin - Amazon Great Freedom Festival Sale 2023 starts on August 5: Check to deals	1	[{"added": {}}]	11	1
9	2023-08-02 10:04:31.908436+05:30	5	adam - Listen music	3		13	1
\.


--
-- TOC entry 3523 (class 0 OID 16923)
-- Dependencies: 232
-- Data for Name: django_apscheduler_djangojob; Type: TABLE DATA; Schema: public; Owner: postgres
--

COPY public.django_apscheduler_djangojob (id, next_run_time, job_state) FROM stdin;
\.


--
-- TOC entry 3525 (class 0 OID 16933)
-- Dependencies: 234
-- Data for Name: django_apscheduler_djangojobexecution; Type: TABLE DATA; Schema: public; Owner: postgres
--

COPY public.django_apscheduler_djangojobexecution (id, status, run_time, duration, finished, exception, traceback, job_id) FROM stdin;
\.


--
-- TOC entry 3508 (class 0 OID 16794)
-- Dependencies: 217
-- Data for Name: django_content_type; Type: TABLE DATA; Schema: public; Owner: postgres
--

COPY public.django_content_type (id, app_label, model) FROM stdin;
1	admin	logentry
2	auth	permission
3	auth	group
4	auth	user
5	contenttypes	contenttype
6	sessions	session
7	home	todo
8	home	faq
9	home	feedback
10	home	activitylog
11	home	updates
12	home	news
13	home	notification
14	users	userprofile
15	django_apscheduler	djangojob
16	django_apscheduler	djangojobexecution
\.


--
-- TOC entry 3506 (class 0 OID 16786)
-- Dependencies: 215
-- Data for Name: django_migrations; Type: TABLE DATA; Schema: public; Owner: postgres
--

COPY public.django_migrations (id, app, name, applied) FROM stdin;
1	contenttypes	0001_initial	2023-07-31 17:34:01.668984+05:30
2	auth	0001_initial	2023-07-31 17:34:01.808225+05:30
3	admin	0001_initial	2023-07-31 17:34:01.840464+05:30
4	admin	0002_logentry_remove_auto_add	2023-07-31 17:34:01.848283+05:30
5	admin	0003_logentry_add_action_flag_choices	2023-07-31 17:34:01.853887+05:30
6	contenttypes	0002_remove_content_type_name	2023-07-31 17:34:01.871272+05:30
7	auth	0002_alter_permission_name_max_length	2023-07-31 17:34:01.879884+05:30
8	auth	0003_alter_user_email_max_length	2023-07-31 17:34:01.885884+05:30
9	auth	0004_alter_user_username_opts	2023-07-31 17:34:01.892913+05:30
10	auth	0005_alter_user_last_login_null	2023-07-31 17:34:01.900681+05:30
11	auth	0006_require_contenttypes_0002	2023-07-31 17:34:01.902764+05:30
12	auth	0007_alter_validators_add_error_messages	2023-07-31 17:34:01.912072+05:30
13	auth	0008_alter_user_username_max_length	2023-07-31 17:34:01.926449+05:30
14	auth	0009_alter_user_last_name_max_length	2023-07-31 17:34:01.934047+05:30
15	auth	0010_alter_group_name_max_length	2023-07-31 17:34:01.944061+05:30
16	auth	0011_update_proxy_permissions	2023-07-31 17:34:01.950155+05:30
17	auth	0012_alter_user_first_name_max_length	2023-07-31 17:34:01.957446+05:30
18	django_apscheduler	0001_initial	2023-07-31 17:34:02.008374+05:30
19	django_apscheduler	0002_auto_20180412_0758	2023-07-31 17:34:02.012431+05:30
20	django_apscheduler	0003_auto_20200716_1632	2023-07-31 17:34:02.023981+05:30
21	django_apscheduler	0004_auto_20200717_1043	2023-07-31 17:34:02.090923+05:30
22	django_apscheduler	0005_migrate_name_to_id	2023-07-31 17:34:02.107957+05:30
23	django_apscheduler	0006_remove_djangojob_name	2023-07-31 17:34:02.115565+05:30
24	django_apscheduler	0007_auto_20200717_1404	2023-07-31 17:34:02.141983+05:30
25	django_apscheduler	0008_remove_djangojobexecution_started	2023-07-31 17:34:02.155204+05:30
26	django_apscheduler	0009_djangojobexecution_unique_job_executions	2023-07-31 17:34:02.163717+05:30
27	home	0001_initial	2023-07-31 17:34:02.191093+05:30
28	home	0002_faq	2023-07-31 17:34:02.204615+05:30
29	home	0003_faq_created_at_faq_updated_at	2023-07-31 17:34:02.213186+05:30
30	home	0004_feedback	2023-07-31 17:34:02.227051+05:30
31	home	0005_activitylog	2023-07-31 17:34:02.254306+05:30
32	home	0006_activitylog_activity_time_and_more	2023-07-31 17:34:02.280582+05:30
33	home	0007_alter_todo_task_priority	2023-07-31 17:34:02.291223+05:30
34	home	0008_updates_news	2023-07-31 17:34:02.349352+05:30
35	home	0009_news_news_image_updates_announcement_image	2023-07-31 17:34:02.362856+05:30
36	home	0010_deactivatedtask	2023-07-31 17:34:02.388312+05:30
37	home	0011_notification	2023-07-31 17:34:02.414348+05:30
38	home	0012_notification_created_at	2023-07-31 17:34:02.443444+05:30
39	home	0013_alter_notification_created_at	2023-07-31 17:34:02.453541+05:30
40	home	0014_delete_deactivatedtask	2023-07-31 17:34:02.456957+05:30
41	sessions	0001_initial	2023-07-31 17:34:02.481041+05:30
42	users	0001_initial	2023-07-31 17:34:02.508534+05:30
43	users	0002_userprofile_profile_picture	2023-07-31 17:34:02.520525+05:30
44	users	0003_rename_phone_userprofile_phone_number_and_more	2023-07-31 17:34:02.538902+05:30
45	users	0004_userprofile_enable_notification	2023-07-31 17:34:02.550046+05:30
\.


--
-- TOC entry 3540 (class 0 OID 17103)
-- Dependencies: 249
-- Data for Name: django_session; Type: TABLE DATA; Schema: public; Owner: postgres
--

COPY public.django_session (session_key, session_data, expire_date) FROM stdin;
0b4whbox3i8amitoec8ouf1slg7vgyfg	.eJxVjDsOwjAQBe_iGln-xmtKes4Q2bsbHEC2FCcV4u4QKQW0b2beS4xpW8u4dV7GmcRZaHH63XLCB9cd0D3VW5PY6rrMWe6KPGiX10b8vBzu30FJvXxr9KADYwbOPGVFTvlgCdAMCb3VgbwLyMPgo2ML0U0EQMZoZ5VCF0G8P_LBN4Y:1qQRjx:xCBOotKaQH-WYbOkbX9ooPaWeKDkVUAH4nGTJbQJF0I	2023-08-14 17:41:09.770174+05:30
avo4zs4gmz30crbskuykkv1ohfmb5cqu	.eJxVjDsOwjAQBe_iGln-JbYp6TmDtd7d4ACypTipEHeHSCmgfTPzXiLBtpa0dV7STOIsjDj9bhnwwXUHdId6axJbXZc5y12RB-3y2oifl8P9OyjQy7e2njVEHcCN5I2OHNwAJmbl_aCRMVAOpCYmjCowWEKtnZl8hDHYrJR4fwDcPjfV:1qQSEa:uukzDjSKNra4nLVHtzvMl2p9VF74u0shv_ytMBrvSFA	2023-08-14 18:12:48.363832+05:30
pl4sntp6wpewsr2avauv6yopmhcx4afz	.eJxVjDsOwjAQBe_iGln-JbYp6TmDtd7d4ACypTipEHeHSCmgfTPzXiLBtpa0dV7STOIsjDj9bhnwwXUHdId6axJbXZc5y12RB-3y2oifl8P9OyjQy7e2njVEHcCN5I2OHNwAJmbl_aCRMVAOpCYmjCowWEKtnZl8hDHYrJR4fwDcPjfV:1qQgdq:LpKCPeQCiEUdMiMxQ0EbnrfQ1rqw6b8BDIMz0Ta3me8	2023-08-15 09:35:50.933749+05:30
66wtdrtflheloxanqodwgnotb48iiehz	.eJxVjDsOwjAQBe_iGln-xmtKes4Q2bsbHEC2FCcV4u4QKQW0b2beS4xpW8u4dV7GmcRZaHH63XLCB9cd0D3VW5PY6rrMWe6KPGiX10b8vBzu30FJvXxr9KADYwbOPGVFTvlgCdAMCb3VgbwLyMPgo2ML0U0EQMZoZ5VCF0G8P_LBN4Y:1qQhGt:A6jL__tdV5uPaRAzFnX2nbhn-kV5x90qLEz8gbiSArA	2023-08-15 10:16:11.674436+05:30
oxz726x3m19fqc192jsihlaaly5t0vkm	.eJxVjDsOwjAQBe_iGln-JbYp6TmDtd7d4ACypTipEHeHSCmgfTPzXiLBtpa0dV7STOIsjDj9bhnwwXUHdId6axJbXZc5y12RB-3y2oifl8P9OyjQy7e2njVEHcCN5I2OHNwAJmbl_aCRMVAOpCYmjCowWEKtnZl8hDHYrJR4fwDcPjfV:1qQhrV:Kg5HiBiIhgCbgsic83xOEvGnHAQWZuLw3-wonSZ1sUU	2023-08-15 10:54:01.779076+05:30
oo6w6wbr4xknzvjqfu5t1lkoyu3d6uqe	.eJxVjDsOwjAQBe_iGln-xmtKes4Q2bsbHEC2FCcV4u4QKQW0b2beS4xpW8u4dV7GmcRZaHH63XLCB9cd0D3VW5PY6rrMWe6KPGiX10b8vBzu30FJvXxr9KADYwbOPGVFTvlgCdAMCb3VgbwLyMPgo2ML0U0EQMZoZ5VCF0G8P_LBN4Y:1qQjSu:FqaMm2NKA1zd-iTw-175aoX7lKFsurBoF067BPbNF6g	2023-08-15 12:36:44.984958+05:30
xfiphd1cmejqmxsx6odpc9wck74wdpcx	.eJxVjDsOwjAQBe_iGln-xmtKes4Q2bsbHEC2FCcV4u4QKQW0b2beS4xpW8u4dV7GmcRZaHH63XLCB9cd0D3VW5PY6rrMWe6KPGiX10b8vBzu30FJvXxr9KADYwbOPGVFTvlgCdAMCb3VgbwLyMPgo2ML0U0EQMZoZ5VCF0G8P_LBN4Y:1sZPuC:ZolP74qudKISI36MMp8LF408gu5GzTd_fHhZ7TXL2oI	2024-08-15 12:37:20.796977+05:30
tec862v2cebk3swq6h4r0j17rqho1b90	.eJxVjDsOwjAQBe_iGln-JbYp6TmDtd7d4ACypTipEHeHSCmgfTPzXiLBtpa0dV7STOIsjDj9bhnwwXUHdId6axJbXZc5y12RB-3y2oifl8P9OyjQy7e2njVEHcCN5I2OHNwAJmbl_aCRMVAOpCYmjCowWEKtnZl8hDHYrJR4fwDcPjfV:1qQoKZ:QXmn2REGcNf1QgS-NwIoE0po99Mm3cHiOIPIYzzny2s	2023-08-15 17:48:27.328868+05:30
9xa5k1mqape9l39hrpjh3pwgdbvvol1k	.eJxVjDsOwjAQBe_iGln-JbYp6TmDtd7d4ACypTipEHeHSCmgfTPzXiLBtpa0dV7STOIsjDj9bhnwwXUHdId6axJbXZc5y12RB-3y2oifl8P9OyjQy7e2njVEHcCN5I2OHNwAJmbl_aCRMVAOpCYmjCowWEKtnZl8hDHYrJR4fwDcPjfV:1qR3YV:sNk8DF7LW6AzBKDwyu0Noib_DvtIMLqf8xHbolqd-KY	2023-08-16 10:03:51.819278+05:30
6c3gwc3s686cervi5tj7c4m5dzdbgmsx	.eJxVjDsOwjAQBe_iGln-xmtKes4Q2bsbHEC2FCcV4u4QKQW0b2beS4xpW8u4dV7GmcRZaHH63XLCB9cd0D3VW5PY6rrMWe6KPGiX10b8vBzu30FJvXxr9KADYwbOPGVFTvlgCdAMCb3VgbwLyMPgo2ML0U0EQMZoZ5VCF0G8P_LBN4Y:1qR3Yz:9wN4S8gM0dnVQr9cNgmif19iSziXC0aeRQ34JaL2BGk	2023-08-16 10:04:21.043393+05:30
\.


--
-- TOC entry 3533 (class 0 OID 17021)
-- Dependencies: 242
-- Data for Name: home_activitylog; Type: TABLE DATA; Schema: public; Owner: postgres
--

COPY public.home_activitylog (id, activity, activity_date, user_id, activity_time) FROM stdin;
1	Profile created	2023-07-31	2	17:36:48.047886
2	Profile created	2023-07-31	3	17:37:28.067266
3	Logged in	2023-07-31	2	17:37:39.521999
4	Profile settings changed	2023-07-31	2	17:39:04.759073
5	Feedback submitted	2023-07-31	2	17:39:57.566236
6	Feedback submitted	2023-07-31	2	17:40:42.974357
7	Feedback submitted	2023-07-31	2	17:42:01.612502
8	"Watch movie" task added	2023-07-31	2	17:43:15.919701
9	"Listen music" task added	2023-07-31	2	17:43:44.749568
10	"Read novel" task added	2023-07-25	2	17:51:27.383398
11	"Watch cricket match" task added	2023-07-25	2	17:52:04.881817
12	"Watch football match" task added	2023-07-25	2	17:52:29.416832
13	"Do exercise" task added	2023-07-31	2	17:56:20.801642
14	 "Do exercise" task completed	2023-07-31	2	17:56:27.199729
15	"Watch web series" task added	2023-07-31	2	17:58:48.113986
16	Logged out	2023-07-31	2	18:03:55.270458
17	Logged in	2023-07-31	3	18:04:10.748372
18	Logged out	2023-07-31	3	18:12:40.924329
19	Logged in	2023-07-31	2	18:12:48.359108
20	Logged in	2023-08-01	2	09:35:50.924485
21	Logged in	2023-08-01	2	10:54:01.766533
23	Logged out	2023-08-01	2	17:48:19.473914
24	Logged in	2023-08-01	2	17:48:27.323866
25	Logged in	2023-08-02	2	10:03:51.80536
\.


--
-- TOC entry 3529 (class 0 OID 17003)
-- Dependencies: 238
-- Data for Name: home_faq; Type: TABLE DATA; Schema: public; Owner: postgres
--

COPY public.home_faq (id, question, answer, created_at, updated_at) FROM stdin;
1	How to add a task	Lorem Ipsum is simply dummy text of the printing and typesetting industry. Lorem Ipsum has been the industry's standard dummy text ever since the 1500s, when an unknown printer took a galley of type and scrambled it to make a type specimen book. It has survived not only five centuries, but also the leap into electronic typesetting, remaining essentially unchanged. It was popularised in the 1960s with the release of Letraset sheets containing Lorem Ipsum passages, and more recently with desktop publishing software like Aldus PageMaker including versions of Lorem Ipsum.	2023-07-25 17:47:51.45462+05:30	2023-07-25 17:47:51.45462+05:30
2	What is the advantages of this application	Lorem Ipsum is simply dummy text of the printing and typesetting industry. Lorem Ipsum has been the industry's standard dummy text ever since the 1500s, when an unknown printer took a galley of type and scrambled it to make a type specimen book. It has survived not only five centuries, but also the leap into electronic typesetting, remaining essentially unchanged. It was popularised in the 1960s with the release of Letraset sheets containing Lorem Ipsum passages, and more recently with desktop publishing software like Aldus PageMaker including versions of Lorem Ipsum.	2023-07-25 17:48:11.486726+05:30	2023-07-25 17:48:11.486726+05:30
3	Is this application free or paid	Lorem Ipsum is simply dummy text of the printing and typesetting industry. Lorem Ipsum has been the industry's standard dummy text ever since the 1500s, when an unknown printer took a galley of type and scrambled it to make a type specimen book. It has survived not only five centuries, but also the leap into electronic typesetting, remaining essentially unchanged. It was popularised in the 1960s with the release of Letraset sheets containing Lorem Ipsum passages, and more recently with desktop publishing software like Aldus PageMaker including versions of Lorem Ipsum.	2023-07-25 17:48:29.516792+05:30	2023-07-25 17:48:29.516792+05:30
\.


--
-- TOC entry 3531 (class 0 OID 17013)
-- Dependencies: 240
-- Data for Name: home_feedback; Type: TABLE DATA; Schema: public; Owner: postgres
--

COPY public.home_feedback (id, user_name, user_email, subject, message, message_date) FROM stdin;
1	Adam	djangomail89@gmail.com	Enquiry regarding task creation 	There are many variations of passages of Lorem Ipsum available, but the majority have suffered alteration in some form, by injected humour, or randomised words which don't look even slightly believable. 	2023-07-31 17:39:57.544712+05:30
2	Adam	djangomail89@gmail.com	Enquiry regarding testing	There are many variations of passages of Lorem Ipsum available, but the majority have suffered alteration in some form, by injected humour, or randomised words which don't look even slightly believable. 	2023-07-31 17:40:42.934044+05:30
3	Adam	djangomail89@gmail.com	Enquiry regarding task creation	There are many variations of passages of Lorem Ipsum available, but the majority have suffered alteration in some form, by injected humour, or randomised words which don't look even slightly believable. 	2023-07-31 17:42:00.732933+05:30
\.


--
-- TOC entry 3537 (class 0 OID 17051)
-- Dependencies: 246
-- Data for Name: home_news; Type: TABLE DATA; Schema: public; Owner: postgres
--

COPY public.home_news (id, title, description, category, slug, published_date, published_time, user_id, news_image) FROM stdin;
1	Tesla builds first Cybertruck after two years of delays	Lorem Ipsum is simply dummy text of the printing and typesetting industry. Lorem Ipsum has been the industry's standard dummy text ever since the 1500s, when an unknown printer took a galley of type and scrambled it to make a type specimen book. It has survived not only five centuries, but also the leap into electronic typesetting, remaining essentially unchanged. It was popularised in the 1960s with the release of Letraset sheets containing Lorem Ipsum passages, and more recently with desktop publishing software like Aldus PageMaker including versions of Lorem Ipsum.	General	tesla-builds-first-cybertruck-after-two-years-of-delays	2023-07-25	17:49:31.598052	2	news-images/Tesla-Cybertruck-Reuters_sF4ByM8.jpg
2	Chandrayaan-3: First orbit-raising manoeuvre successfully performed, says ISRO	Lorem Ipsum is simply dummy text of the printing and typesetting industry. Lorem Ipsum has been the industry's standard dummy text ever since the 1500s, when an unknown printer took a galley of type and scrambled it to make a type specimen book. It has survived not only five centuries, but also the leap into electronic typesetting, remaining essentially unchanged. It was popularised in the 1960s with the release of Letraset sheets containing Lorem Ipsum passages, and more recently with desktop publishing software like Aldus PageMaker including versions of Lorem Ipsum.	Featured	chandrayaan-3-first-orbit-raising-manoeuvre-successfully-performed-says-isro	2023-07-31	18:10:28.923893	3	news-images/ISRO-chandrayaan-3-mission-1-1_kLQJcGN.jpg
3	Twitter is back online after a short outage	Lorem Ipsum is simply dummy text of the printing and typesetting industry. Lorem Ipsum has been the industry's standard dummy text ever since the 1500s, when an unknown printer took a galley of type and scrambled it to make a type specimen book. It has survived not only five centuries, but also the leap into electronic typesetting, remaining essentially unchanged. It was popularised in the 1960s with the release of Letraset sheets containing Lorem Ipsum passages, and more recently with desktop publishing software like Aldus PageMaker including versions of Lorem Ipsum.	General	twitter-is-back-online-after-a-short-outage	2023-07-31	18:10:53.489938	3	news-images/twitter-1_JcGrA1q.jpeg
4	YouTube TV now lets users watch four shows together on smart TVs and devices, here's how	Multiview is a way to watch multiple sporting events at the same time or to keep an eye on different news channels. It also enables users to watch a live show while also following along with a live chat or social media discussion. Starting with Women's National Basketball Association (WNBA) games, users who subscribe to the WNBA Primetime Channel will see ‘recommended multiviews’ in the home tab and watch next recommendations. They can view up to four streams on a single screen.	Featured	youtube-tv-now-lets-users-watch-four-shows-together-on-smart-tvs-and-devices-heres-how	2023-07-31	18:12:33.703865	3	news-images/102266850.jpg
\.


--
-- TOC entry 3539 (class 0 OID 17089)
-- Dependencies: 248
-- Data for Name: home_notification; Type: TABLE DATA; Schema: public; Owner: postgres
--

COPY public.home_notification (id, task_title, task_description, task_duedate, user_id, created_at) FROM stdin;
1	Read novel	read a novel	2023-07-26	2	2023-07-31 17:59:00.064699+05:30
2	Watch cricket match	watch cricket match	2023-07-28	2	2023-07-31 17:59:00.076755+05:30
3	Watch football match	watch football match	2023-07-25	2	2023-07-31 17:59:00.086186+05:30
4	Listen music	listen music	2023-07-31	2	2023-08-01 17:59:00.117877+05:30
\.


--
-- TOC entry 3527 (class 0 OID 16989)
-- Dependencies: 236
-- Data for Name: home_todo; Type: TABLE DATA; Schema: public; Owner: postgres
--

COPY public.home_todo (id, task_title, task_description, task_duedate, task_status, task_priority, created_date, updated_date, user_id) FROM stdin;
1	Watch movie	watch movie	2023-08-02	Upcoming	Medium priority	2023-07-31 17:43:15.909798+05:30	2023-07-31 17:43:15.918163+05:30	2
6	Do exercise	do exercise	2023-07-31	Completed	High priority	2023-07-31 17:56:20.764632+05:30	2023-07-31 17:56:27.185199+05:30	2
7	Watch web series	watch web series	2023-08-05	Upcoming	Low priority	2023-07-31 17:58:48.103932+05:30	2023-07-31 17:58:48.111968+05:30	2
3	Read novel	read a novel	2023-07-26	Pending	Medium priority	2023-07-25 17:51:27.373328+05:30	2023-07-31 17:59:00.061983+05:30	2
4	Watch cricket match	watch cricket match	2023-07-28	Pending	High priority	2023-07-25 17:52:04.839481+05:30	2023-07-31 17:59:00.074515+05:30	2
5	Watch football match	watch football match	2023-07-25	Pending	High priority	2023-07-25 17:52:29.406196+05:30	2023-07-31 17:59:00.084028+05:30	2
2	Listen music	listen music	2023-07-31	Pending	High priority	2023-07-31 17:43:44.707548+05:30	2023-08-01 17:59:00.108525+05:30	2
\.


--
-- TOC entry 3535 (class 0 OID 17043)
-- Dependencies: 244
-- Data for Name: home_updates; Type: TABLE DATA; Schema: public; Owner: postgres
--

COPY public.home_updates (id, title, description, slug, published_date, published_time, user_id, announcement_image) FROM stdin;
1	Amazon Great Freedom Festival Sale 2023 starts on August 5: Check to deals	Amazon, the e-commerce giant, has announced the date of Amazon Great Freedom Festival sale 2023 in India. The e-commerce platform’s Freedom Festival sale is scheduled to kick off on August 5 and will run until August 9, offering attractive discounts on various products. The sale will feature substantial discounts on smartphones, laptops, audio accessories, smart home devices and other electronic gadgets.	amazon-great-freedom-festival-sale-2023-starts-on-august-5-check-to-deals	2023-08-01	16:52:40.808468	1	announcement-images/images.jpeg
\.


--
-- TOC entry 3542 (class 0 OID 17113)
-- Dependencies: 251
-- Data for Name: users_userprofile; Type: TABLE DATA; Schema: public; Owner: postgres
--

COPY public.users_userprofile (id, about, company, job, country, address, phone_number, twitter_profile, instagram_profile, linkedin_profile, user_id, profile_picture, facebook_profile, enable_notification) FROM stdin;
2	\N	\N	\N	\N	\N	\N	\N	\N	\N	3	blank-profile.png	\N	t
1	There are many variations of passages of Lorem Ipsum available, but the majority have suffered alteration in some form, by injected humour, or randomised words which don't look even slightly believable.	TCS pvt.Ltd	Software Developer	India	Rose villa, 2nd street,Banglore	9384734848	https://www.twitter.com/#	https://www.instagram.com/#	https://www.linkedin.com/#	2	Profile_Images/team4_ScZTUPc.jpg	https://www.facebook.com/#	t
\.


--
-- TOC entry 3548 (class 0 OID 0)
-- Dependencies: 220
-- Name: auth_group_id_seq; Type: SEQUENCE SET; Schema: public; Owner: postgres
--

SELECT pg_catalog.setval('public.auth_group_id_seq', 1, false);


--
-- TOC entry 3549 (class 0 OID 0)
-- Dependencies: 222
-- Name: auth_group_permissions_id_seq; Type: SEQUENCE SET; Schema: public; Owner: postgres
--

SELECT pg_catalog.setval('public.auth_group_permissions_id_seq', 1, false);


--
-- TOC entry 3550 (class 0 OID 0)
-- Dependencies: 218
-- Name: auth_permission_id_seq; Type: SEQUENCE SET; Schema: public; Owner: postgres
--

SELECT pg_catalog.setval('public.auth_permission_id_seq', 64, true);


--
-- TOC entry 3551 (class 0 OID 0)
-- Dependencies: 226
-- Name: auth_user_groups_id_seq; Type: SEQUENCE SET; Schema: public; Owner: postgres
--

SELECT pg_catalog.setval('public.auth_user_groups_id_seq', 1, false);


--
-- TOC entry 3552 (class 0 OID 0)
-- Dependencies: 224
-- Name: auth_user_id_seq; Type: SEQUENCE SET; Schema: public; Owner: postgres
--

SELECT pg_catalog.setval('public.auth_user_id_seq', 3, true);


--
-- TOC entry 3553 (class 0 OID 0)
-- Dependencies: 228
-- Name: auth_user_user_permissions_id_seq; Type: SEQUENCE SET; Schema: public; Owner: postgres
--

SELECT pg_catalog.setval('public.auth_user_user_permissions_id_seq', 1, false);


--
-- TOC entry 3554 (class 0 OID 0)
-- Dependencies: 230
-- Name: django_admin_log_id_seq; Type: SEQUENCE SET; Schema: public; Owner: postgres
--

SELECT pg_catalog.setval('public.django_admin_log_id_seq', 9, true);


--
-- TOC entry 3555 (class 0 OID 0)
-- Dependencies: 233
-- Name: django_apscheduler_djangojobexecution_id_seq; Type: SEQUENCE SET; Schema: public; Owner: postgres
--

SELECT pg_catalog.setval('public.django_apscheduler_djangojobexecution_id_seq', 1, false);


--
-- TOC entry 3556 (class 0 OID 0)
-- Dependencies: 216
-- Name: django_content_type_id_seq; Type: SEQUENCE SET; Schema: public; Owner: postgres
--

SELECT pg_catalog.setval('public.django_content_type_id_seq', 16, true);


--
-- TOC entry 3557 (class 0 OID 0)
-- Dependencies: 214
-- Name: django_migrations_id_seq; Type: SEQUENCE SET; Schema: public; Owner: postgres
--

SELECT pg_catalog.setval('public.django_migrations_id_seq', 45, true);


--
-- TOC entry 3558 (class 0 OID 0)
-- Dependencies: 241
-- Name: home_activitylog_id_seq; Type: SEQUENCE SET; Schema: public; Owner: postgres
--

SELECT pg_catalog.setval('public.home_activitylog_id_seq', 25, true);


--
-- TOC entry 3559 (class 0 OID 0)
-- Dependencies: 237
-- Name: home_faq_id_seq; Type: SEQUENCE SET; Schema: public; Owner: postgres
--

SELECT pg_catalog.setval('public.home_faq_id_seq', 4, true);


--
-- TOC entry 3560 (class 0 OID 0)
-- Dependencies: 239
-- Name: home_feedback_id_seq; Type: SEQUENCE SET; Schema: public; Owner: postgres
--

SELECT pg_catalog.setval('public.home_feedback_id_seq', 3, true);


--
-- TOC entry 3561 (class 0 OID 0)
-- Dependencies: 245
-- Name: home_news_id_seq; Type: SEQUENCE SET; Schema: public; Owner: postgres
--

SELECT pg_catalog.setval('public.home_news_id_seq', 4, true);


--
-- TOC entry 3562 (class 0 OID 0)
-- Dependencies: 247
-- Name: home_notification_id_seq; Type: SEQUENCE SET; Schema: public; Owner: postgres
--

SELECT pg_catalog.setval('public.home_notification_id_seq', 5, true);


--
-- TOC entry 3563 (class 0 OID 0)
-- Dependencies: 235
-- Name: home_todo_id_seq; Type: SEQUENCE SET; Schema: public; Owner: postgres
--

SELECT pg_catalog.setval('public.home_todo_id_seq', 7, true);


--
-- TOC entry 3564 (class 0 OID 0)
-- Dependencies: 243
-- Name: home_updates_id_seq; Type: SEQUENCE SET; Schema: public; Owner: postgres
--

SELECT pg_catalog.setval('public.home_updates_id_seq', 1, true);


--
-- TOC entry 3565 (class 0 OID 0)
-- Dependencies: 250
-- Name: users_userprofile_id_seq; Type: SEQUENCE SET; Schema: public; Owner: postgres
--

SELECT pg_catalog.setval('public.users_userprofile_id_seq', 2, true);


--
-- TOC entry 3280 (class 2606 OID 16920)
-- Name: auth_group auth_group_name_key; Type: CONSTRAINT; Schema: public; Owner: postgres
--

ALTER TABLE ONLY public.auth_group
    ADD CONSTRAINT auth_group_name_key UNIQUE (name);


--
-- TOC entry 3285 (class 2606 OID 16851)
-- Name: auth_group_permissions auth_group_permissions_group_id_permission_id_0cd325b0_uniq; Type: CONSTRAINT; Schema: public; Owner: postgres
--

ALTER TABLE ONLY public.auth_group_permissions
    ADD CONSTRAINT auth_group_permissions_group_id_permission_id_0cd325b0_uniq UNIQUE (group_id, permission_id);


--
-- TOC entry 3288 (class 2606 OID 16820)
-- Name: auth_group_permissions auth_group_permissions_pkey; Type: CONSTRAINT; Schema: public; Owner: postgres
--

ALTER TABLE ONLY public.auth_group_permissions
    ADD CONSTRAINT auth_group_permissions_pkey PRIMARY KEY (id);


--
-- TOC entry 3282 (class 2606 OID 16812)
-- Name: auth_group auth_group_pkey; Type: CONSTRAINT; Schema: public; Owner: postgres
--

ALTER TABLE ONLY public.auth_group
    ADD CONSTRAINT auth_group_pkey PRIMARY KEY (id);


--
-- TOC entry 3275 (class 2606 OID 16842)
-- Name: auth_permission auth_permission_content_type_id_codename_01ab375a_uniq; Type: CONSTRAINT; Schema: public; Owner: postgres
--

ALTER TABLE ONLY public.auth_permission
    ADD CONSTRAINT auth_permission_content_type_id_codename_01ab375a_uniq UNIQUE (content_type_id, codename);


--
-- TOC entry 3277 (class 2606 OID 16806)
-- Name: auth_permission auth_permission_pkey; Type: CONSTRAINT; Schema: public; Owner: postgres
--

ALTER TABLE ONLY public.auth_permission
    ADD CONSTRAINT auth_permission_pkey PRIMARY KEY (id);


--
-- TOC entry 3296 (class 2606 OID 16834)
-- Name: auth_user_groups auth_user_groups_pkey; Type: CONSTRAINT; Schema: public; Owner: postgres
--

ALTER TABLE ONLY public.auth_user_groups
    ADD CONSTRAINT auth_user_groups_pkey PRIMARY KEY (id);


--
-- TOC entry 3299 (class 2606 OID 16866)
-- Name: auth_user_groups auth_user_groups_user_id_group_id_94350c0c_uniq; Type: CONSTRAINT; Schema: public; Owner: postgres
--

ALTER TABLE ONLY public.auth_user_groups
    ADD CONSTRAINT auth_user_groups_user_id_group_id_94350c0c_uniq UNIQUE (user_id, group_id);


--
-- TOC entry 3290 (class 2606 OID 16826)
-- Name: auth_user auth_user_pkey; Type: CONSTRAINT; Schema: public; Owner: postgres
--

ALTER TABLE ONLY public.auth_user
    ADD CONSTRAINT auth_user_pkey PRIMARY KEY (id);


--
-- TOC entry 3302 (class 2606 OID 16840)
-- Name: auth_user_user_permissions auth_user_user_permissions_pkey; Type: CONSTRAINT; Schema: public; Owner: postgres
--

ALTER TABLE ONLY public.auth_user_user_permissions
    ADD CONSTRAINT auth_user_user_permissions_pkey PRIMARY KEY (id);


--
-- TOC entry 3305 (class 2606 OID 16880)
-- Name: auth_user_user_permissions auth_user_user_permissions_user_id_permission_id_14a6b632_uniq; Type: CONSTRAINT; Schema: public; Owner: postgres
--

ALTER TABLE ONLY public.auth_user_user_permissions
    ADD CONSTRAINT auth_user_user_permissions_user_id_permission_id_14a6b632_uniq UNIQUE (user_id, permission_id);


--
-- TOC entry 3293 (class 2606 OID 16915)
-- Name: auth_user auth_user_username_key; Type: CONSTRAINT; Schema: public; Owner: postgres
--

ALTER TABLE ONLY public.auth_user
    ADD CONSTRAINT auth_user_username_key UNIQUE (username);


--
-- TOC entry 3308 (class 2606 OID 16901)
-- Name: django_admin_log django_admin_log_pkey; Type: CONSTRAINT; Schema: public; Owner: postgres
--

ALTER TABLE ONLY public.django_admin_log
    ADD CONSTRAINT django_admin_log_pkey PRIMARY KEY (id);


--
-- TOC entry 3312 (class 2606 OID 16950)
-- Name: django_apscheduler_djangojob django_apscheduler_djangojob_pkey; Type: CONSTRAINT; Schema: public; Owner: postgres
--

ALTER TABLE ONLY public.django_apscheduler_djangojob
    ADD CONSTRAINT django_apscheduler_djangojob_pkey PRIMARY KEY (id);


--
-- TOC entry 3315 (class 2606 OID 16976)
-- Name: django_apscheduler_djangojobexecution django_apscheduler_djangojobexecution_pkey; Type: CONSTRAINT; Schema: public; Owner: postgres
--

ALTER TABLE ONLY public.django_apscheduler_djangojobexecution
    ADD CONSTRAINT django_apscheduler_djangojobexecution_pkey PRIMARY KEY (id);


--
-- TOC entry 3270 (class 2606 OID 16800)
-- Name: django_content_type django_content_type_app_label_model_76bd3d3b_uniq; Type: CONSTRAINT; Schema: public; Owner: postgres
--

ALTER TABLE ONLY public.django_content_type
    ADD CONSTRAINT django_content_type_app_label_model_76bd3d3b_uniq UNIQUE (app_label, model);


--
-- TOC entry 3272 (class 2606 OID 16798)
-- Name: django_content_type django_content_type_pkey; Type: CONSTRAINT; Schema: public; Owner: postgres
--

ALTER TABLE ONLY public.django_content_type
    ADD CONSTRAINT django_content_type_pkey PRIMARY KEY (id);


--
-- TOC entry 3268 (class 2606 OID 16792)
-- Name: django_migrations django_migrations_pkey; Type: CONSTRAINT; Schema: public; Owner: postgres
--

ALTER TABLE ONLY public.django_migrations
    ADD CONSTRAINT django_migrations_pkey PRIMARY KEY (id);


--
-- TOC entry 3342 (class 2606 OID 17109)
-- Name: django_session django_session_pkey; Type: CONSTRAINT; Schema: public; Owner: postgres
--

ALTER TABLE ONLY public.django_session
    ADD CONSTRAINT django_session_pkey PRIMARY KEY (session_key);


--
-- TOC entry 3327 (class 2606 OID 17027)
-- Name: home_activitylog home_activitylog_pkey; Type: CONSTRAINT; Schema: public; Owner: postgres
--

ALTER TABLE ONLY public.home_activitylog
    ADD CONSTRAINT home_activitylog_pkey PRIMARY KEY (id);


--
-- TOC entry 3323 (class 2606 OID 17009)
-- Name: home_faq home_faq_pkey; Type: CONSTRAINT; Schema: public; Owner: postgres
--

ALTER TABLE ONLY public.home_faq
    ADD CONSTRAINT home_faq_pkey PRIMARY KEY (id);


--
-- TOC entry 3325 (class 2606 OID 17019)
-- Name: home_feedback home_feedback_pkey; Type: CONSTRAINT; Schema: public; Owner: postgres
--

ALTER TABLE ONLY public.home_feedback
    ADD CONSTRAINT home_feedback_pkey PRIMARY KEY (id);


--
-- TOC entry 3333 (class 2606 OID 17057)
-- Name: home_news home_news_pkey; Type: CONSTRAINT; Schema: public; Owner: postgres
--

ALTER TABLE ONLY public.home_news
    ADD CONSTRAINT home_news_pkey PRIMARY KEY (id);


--
-- TOC entry 3338 (class 2606 OID 17095)
-- Name: home_notification home_notification_pkey; Type: CONSTRAINT; Schema: public; Owner: postgres
--

ALTER TABLE ONLY public.home_notification
    ADD CONSTRAINT home_notification_pkey PRIMARY KEY (id);


--
-- TOC entry 3320 (class 2606 OID 16995)
-- Name: home_todo home_todo_pkey; Type: CONSTRAINT; Schema: public; Owner: postgres
--

ALTER TABLE ONLY public.home_todo
    ADD CONSTRAINT home_todo_pkey PRIMARY KEY (id);


--
-- TOC entry 3330 (class 2606 OID 17049)
-- Name: home_updates home_updates_pkey; Type: CONSTRAINT; Schema: public; Owner: postgres
--

ALTER TABLE ONLY public.home_updates
    ADD CONSTRAINT home_updates_pkey PRIMARY KEY (id);


--
-- TOC entry 3318 (class 2606 OID 16987)
-- Name: django_apscheduler_djangojobexecution unique_job_executions; Type: CONSTRAINT; Schema: public; Owner: postgres
--

ALTER TABLE ONLY public.django_apscheduler_djangojobexecution
    ADD CONSTRAINT unique_job_executions UNIQUE (job_id, run_time);


--
-- TOC entry 3345 (class 2606 OID 17119)
-- Name: users_userprofile users_userprofile_pkey; Type: CONSTRAINT; Schema: public; Owner: postgres
--

ALTER TABLE ONLY public.users_userprofile
    ADD CONSTRAINT users_userprofile_pkey PRIMARY KEY (id);


--
-- TOC entry 3278 (class 1259 OID 16921)
-- Name: auth_group_name_a6ea08ec_like; Type: INDEX; Schema: public; Owner: postgres
--

CREATE INDEX auth_group_name_a6ea08ec_like ON public.auth_group USING btree (name varchar_pattern_ops);


--
-- TOC entry 3283 (class 1259 OID 16862)
-- Name: auth_group_permissions_group_id_b120cbf9; Type: INDEX; Schema: public; Owner: postgres
--

CREATE INDEX auth_group_permissions_group_id_b120cbf9 ON public.auth_group_permissions USING btree (group_id);


--
-- TOC entry 3286 (class 1259 OID 16863)
-- Name: auth_group_permissions_permission_id_84c5c92e; Type: INDEX; Schema: public; Owner: postgres
--

CREATE INDEX auth_group_permissions_permission_id_84c5c92e ON public.auth_group_permissions USING btree (permission_id);


--
-- TOC entry 3273 (class 1259 OID 16848)
-- Name: auth_permission_content_type_id_2f476e4b; Type: INDEX; Schema: public; Owner: postgres
--

CREATE INDEX auth_permission_content_type_id_2f476e4b ON public.auth_permission USING btree (content_type_id);


--
-- TOC entry 3294 (class 1259 OID 16878)
-- Name: auth_user_groups_group_id_97559544; Type: INDEX; Schema: public; Owner: postgres
--

CREATE INDEX auth_user_groups_group_id_97559544 ON public.auth_user_groups USING btree (group_id);


--
-- TOC entry 3297 (class 1259 OID 16877)
-- Name: auth_user_groups_user_id_6a12ed8b; Type: INDEX; Schema: public; Owner: postgres
--

CREATE INDEX auth_user_groups_user_id_6a12ed8b ON public.auth_user_groups USING btree (user_id);


--
-- TOC entry 3300 (class 1259 OID 16892)
-- Name: auth_user_user_permissions_permission_id_1fbb5f2c; Type: INDEX; Schema: public; Owner: postgres
--

CREATE INDEX auth_user_user_permissions_permission_id_1fbb5f2c ON public.auth_user_user_permissions USING btree (permission_id);


--
-- TOC entry 3303 (class 1259 OID 16891)
-- Name: auth_user_user_permissions_user_id_a95ead1b; Type: INDEX; Schema: public; Owner: postgres
--

CREATE INDEX auth_user_user_permissions_user_id_a95ead1b ON public.auth_user_user_permissions USING btree (user_id);


--
-- TOC entry 3291 (class 1259 OID 16916)
-- Name: auth_user_username_6821ab7c_like; Type: INDEX; Schema: public; Owner: postgres
--

CREATE INDEX auth_user_username_6821ab7c_like ON public.auth_user USING btree (username varchar_pattern_ops);


--
-- TOC entry 3306 (class 1259 OID 16912)
-- Name: django_admin_log_content_type_id_c4bce8eb; Type: INDEX; Schema: public; Owner: postgres
--

CREATE INDEX django_admin_log_content_type_id_c4bce8eb ON public.django_admin_log USING btree (content_type_id);


--
-- TOC entry 3309 (class 1259 OID 16913)
-- Name: django_admin_log_user_id_c564eba6; Type: INDEX; Schema: public; Owner: postgres
--

CREATE INDEX django_admin_log_user_id_c564eba6 ON public.django_admin_log USING btree (user_id);


--
-- TOC entry 3310 (class 1259 OID 16941)
-- Name: django_apscheduler_djangojob_next_run_time_2f022619; Type: INDEX; Schema: public; Owner: postgres
--

CREATE INDEX django_apscheduler_djangojob_next_run_time_2f022619 ON public.django_apscheduler_djangojob USING btree (next_run_time);


--
-- TOC entry 3313 (class 1259 OID 16960)
-- Name: django_apscheduler_djangojobexecution_job_id_daf5090a; Type: INDEX; Schema: public; Owner: postgres
--

CREATE INDEX django_apscheduler_djangojobexecution_job_id_daf5090a ON public.django_apscheduler_djangojobexecution USING btree (job_id);


--
-- TOC entry 3316 (class 1259 OID 16947)
-- Name: django_apscheduler_djangojobexecution_run_time_16edd96b; Type: INDEX; Schema: public; Owner: postgres
--

CREATE INDEX django_apscheduler_djangojobexecution_run_time_16edd96b ON public.django_apscheduler_djangojobexecution USING btree (run_time);


--
-- TOC entry 3340 (class 1259 OID 17111)
-- Name: django_session_expire_date_a5c62663; Type: INDEX; Schema: public; Owner: postgres
--

CREATE INDEX django_session_expire_date_a5c62663 ON public.django_session USING btree (expire_date);


--
-- TOC entry 3343 (class 1259 OID 17110)
-- Name: django_session_session_key_c0390e0f_like; Type: INDEX; Schema: public; Owner: postgres
--

CREATE INDEX django_session_session_key_c0390e0f_like ON public.django_session USING btree (session_key varchar_pattern_ops);


--
-- TOC entry 3328 (class 1259 OID 17033)
-- Name: home_activitylog_user_id_dae1b541; Type: INDEX; Schema: public; Owner: postgres
--

CREATE INDEX home_activitylog_user_id_dae1b541 ON public.home_activitylog USING btree (user_id);


--
-- TOC entry 3334 (class 1259 OID 17069)
-- Name: home_news_slug_d619f31e; Type: INDEX; Schema: public; Owner: postgres
--

CREATE INDEX home_news_slug_d619f31e ON public.home_news USING btree (slug);


--
-- TOC entry 3335 (class 1259 OID 17070)
-- Name: home_news_slug_d619f31e_like; Type: INDEX; Schema: public; Owner: postgres
--

CREATE INDEX home_news_slug_d619f31e_like ON public.home_news USING btree (slug varchar_pattern_ops);


--
-- TOC entry 3336 (class 1259 OID 17071)
-- Name: home_news_user_id_220490b9; Type: INDEX; Schema: public; Owner: postgres
--

CREATE INDEX home_news_user_id_220490b9 ON public.home_news USING btree (user_id);


--
-- TOC entry 3339 (class 1259 OID 17101)
-- Name: home_notification_user_id_a3272aae; Type: INDEX; Schema: public; Owner: postgres
--

CREATE INDEX home_notification_user_id_a3272aae ON public.home_notification USING btree (user_id);


--
-- TOC entry 3321 (class 1259 OID 17001)
-- Name: home_todo_user_id_ec94ab7f; Type: INDEX; Schema: public; Owner: postgres
--

CREATE INDEX home_todo_user_id_ec94ab7f ON public.home_todo USING btree (user_id);


--
-- TOC entry 3331 (class 1259 OID 17063)
-- Name: home_updates_user_id_5d79d9c3; Type: INDEX; Schema: public; Owner: postgres
--

CREATE INDEX home_updates_user_id_5d79d9c3 ON public.home_updates USING btree (user_id);


--
-- TOC entry 3346 (class 1259 OID 17125)
-- Name: users_userprofile_user_id_87251ef1; Type: INDEX; Schema: public; Owner: postgres
--

CREATE INDEX users_userprofile_user_id_87251ef1 ON public.users_userprofile USING btree (user_id);


--
-- TOC entry 3348 (class 2606 OID 16857)
-- Name: auth_group_permissions auth_group_permissio_permission_id_84c5c92e_fk_auth_perm; Type: FK CONSTRAINT; Schema: public; Owner: postgres
--

ALTER TABLE ONLY public.auth_group_permissions
    ADD CONSTRAINT auth_group_permissio_permission_id_84c5c92e_fk_auth_perm FOREIGN KEY (permission_id) REFERENCES public.auth_permission(id) DEFERRABLE INITIALLY DEFERRED;


--
-- TOC entry 3349 (class 2606 OID 16852)
-- Name: auth_group_permissions auth_group_permissions_group_id_b120cbf9_fk_auth_group_id; Type: FK CONSTRAINT; Schema: public; Owner: postgres
--

ALTER TABLE ONLY public.auth_group_permissions
    ADD CONSTRAINT auth_group_permissions_group_id_b120cbf9_fk_auth_group_id FOREIGN KEY (group_id) REFERENCES public.auth_group(id) DEFERRABLE INITIALLY DEFERRED;


--
-- TOC entry 3347 (class 2606 OID 16843)
-- Name: auth_permission auth_permission_content_type_id_2f476e4b_fk_django_co; Type: FK CONSTRAINT; Schema: public; Owner: postgres
--

ALTER TABLE ONLY public.auth_permission
    ADD CONSTRAINT auth_permission_content_type_id_2f476e4b_fk_django_co FOREIGN KEY (content_type_id) REFERENCES public.django_content_type(id) DEFERRABLE INITIALLY DEFERRED;


--
-- TOC entry 3350 (class 2606 OID 16872)
-- Name: auth_user_groups auth_user_groups_group_id_97559544_fk_auth_group_id; Type: FK CONSTRAINT; Schema: public; Owner: postgres
--

ALTER TABLE ONLY public.auth_user_groups
    ADD CONSTRAINT auth_user_groups_group_id_97559544_fk_auth_group_id FOREIGN KEY (group_id) REFERENCES public.auth_group(id) DEFERRABLE INITIALLY DEFERRED;


--
-- TOC entry 3351 (class 2606 OID 16867)
-- Name: auth_user_groups auth_user_groups_user_id_6a12ed8b_fk_auth_user_id; Type: FK CONSTRAINT; Schema: public; Owner: postgres
--

ALTER TABLE ONLY public.auth_user_groups
    ADD CONSTRAINT auth_user_groups_user_id_6a12ed8b_fk_auth_user_id FOREIGN KEY (user_id) REFERENCES public.auth_user(id) DEFERRABLE INITIALLY DEFERRED;


--
-- TOC entry 3352 (class 2606 OID 16886)
-- Name: auth_user_user_permissions auth_user_user_permi_permission_id_1fbb5f2c_fk_auth_perm; Type: FK CONSTRAINT; Schema: public; Owner: postgres
--

ALTER TABLE ONLY public.auth_user_user_permissions
    ADD CONSTRAINT auth_user_user_permi_permission_id_1fbb5f2c_fk_auth_perm FOREIGN KEY (permission_id) REFERENCES public.auth_permission(id) DEFERRABLE INITIALLY DEFERRED;


--
-- TOC entry 3353 (class 2606 OID 16881)
-- Name: auth_user_user_permissions auth_user_user_permissions_user_id_a95ead1b_fk_auth_user_id; Type: FK CONSTRAINT; Schema: public; Owner: postgres
--

ALTER TABLE ONLY public.auth_user_user_permissions
    ADD CONSTRAINT auth_user_user_permissions_user_id_a95ead1b_fk_auth_user_id FOREIGN KEY (user_id) REFERENCES public.auth_user(id) DEFERRABLE INITIALLY DEFERRED;


--
-- TOC entry 3354 (class 2606 OID 16902)
-- Name: django_admin_log django_admin_log_content_type_id_c4bce8eb_fk_django_co; Type: FK CONSTRAINT; Schema: public; Owner: postgres
--

ALTER TABLE ONLY public.django_admin_log
    ADD CONSTRAINT django_admin_log_content_type_id_c4bce8eb_fk_django_co FOREIGN KEY (content_type_id) REFERENCES public.django_content_type(id) DEFERRABLE INITIALLY DEFERRED;


--
-- TOC entry 3355 (class 2606 OID 16907)
-- Name: django_admin_log django_admin_log_user_id_c564eba6_fk_auth_user_id; Type: FK CONSTRAINT; Schema: public; Owner: postgres
--

ALTER TABLE ONLY public.django_admin_log
    ADD CONSTRAINT django_admin_log_user_id_c564eba6_fk_auth_user_id FOREIGN KEY (user_id) REFERENCES public.auth_user(id) DEFERRABLE INITIALLY DEFERRED;


--
-- TOC entry 3356 (class 2606 OID 16969)
-- Name: django_apscheduler_djangojobexecution django_apscheduler_djangojobexecution_job_id_daf5090a_fk; Type: FK CONSTRAINT; Schema: public; Owner: postgres
--

ALTER TABLE ONLY public.django_apscheduler_djangojobexecution
    ADD CONSTRAINT django_apscheduler_djangojobexecution_job_id_daf5090a_fk FOREIGN KEY (job_id) REFERENCES public.django_apscheduler_djangojob(id) DEFERRABLE INITIALLY DEFERRED;


--
-- TOC entry 3358 (class 2606 OID 17028)
-- Name: home_activitylog home_activitylog_user_id_dae1b541_fk_auth_user_id; Type: FK CONSTRAINT; Schema: public; Owner: postgres
--

ALTER TABLE ONLY public.home_activitylog
    ADD CONSTRAINT home_activitylog_user_id_dae1b541_fk_auth_user_id FOREIGN KEY (user_id) REFERENCES public.auth_user(id) DEFERRABLE INITIALLY DEFERRED;


--
-- TOC entry 3360 (class 2606 OID 17064)
-- Name: home_news home_news_user_id_220490b9_fk_auth_user_id; Type: FK CONSTRAINT; Schema: public; Owner: postgres
--

ALTER TABLE ONLY public.home_news
    ADD CONSTRAINT home_news_user_id_220490b9_fk_auth_user_id FOREIGN KEY (user_id) REFERENCES public.auth_user(id) DEFERRABLE INITIALLY DEFERRED;


--
-- TOC entry 3361 (class 2606 OID 17096)
-- Name: home_notification home_notification_user_id_a3272aae_fk_auth_user_id; Type: FK CONSTRAINT; Schema: public; Owner: postgres
--

ALTER TABLE ONLY public.home_notification
    ADD CONSTRAINT home_notification_user_id_a3272aae_fk_auth_user_id FOREIGN KEY (user_id) REFERENCES public.auth_user(id) DEFERRABLE INITIALLY DEFERRED;


--
-- TOC entry 3357 (class 2606 OID 16996)
-- Name: home_todo home_todo_user_id_ec94ab7f_fk_auth_user_id; Type: FK CONSTRAINT; Schema: public; Owner: postgres
--

ALTER TABLE ONLY public.home_todo
    ADD CONSTRAINT home_todo_user_id_ec94ab7f_fk_auth_user_id FOREIGN KEY (user_id) REFERENCES public.auth_user(id) DEFERRABLE INITIALLY DEFERRED;


--
-- TOC entry 3359 (class 2606 OID 17058)
-- Name: home_updates home_updates_user_id_5d79d9c3_fk_auth_user_id; Type: FK CONSTRAINT; Schema: public; Owner: postgres
--

ALTER TABLE ONLY public.home_updates
    ADD CONSTRAINT home_updates_user_id_5d79d9c3_fk_auth_user_id FOREIGN KEY (user_id) REFERENCES public.auth_user(id) DEFERRABLE INITIALLY DEFERRED;


--
-- TOC entry 3362 (class 2606 OID 17120)
-- Name: users_userprofile users_userprofile_user_id_87251ef1_fk_auth_user_id; Type: FK CONSTRAINT; Schema: public; Owner: postgres
--

ALTER TABLE ONLY public.users_userprofile
    ADD CONSTRAINT users_userprofile_user_id_87251ef1_fk_auth_user_id FOREIGN KEY (user_id) REFERENCES public.auth_user(id) DEFERRABLE INITIALLY DEFERRED;


-- Completed on 2023-08-02 11:00:06

--
-- PostgreSQL database dump complete
--

